scenario,avg_distance_km,median_distance_km,p90_distance_km,est_avg_freight,est_avg_days
현재(셀러직배),596.1781267777232,431.8574845419176,1446.534191364917,19.928615242268734,12.246793901892747
1개 창고,559.5179739036814,332.41593334138685,1236.5757950803197,19.545787273516297,12.02471392334547
3개 창고,345.8185446597494,264.56811404426776,629.6927117319092,17.3142057876972,10.730164911912883
5개 창고,236.0168665370192,179.1269483670776,490.53454253693053,16.167588817883697,10.065007993289736
